Prev.Undrnrshnt.,Urb.Pop.,Acc.Imp.H2O,ObesityPrev.
31.26071279,5086452.515,57.9328009,8.293939668
18.29823274,2267000.342,71.12073748,2.483303431
39.51339713,26767.56458,97.58732415,18.72644819
4.444015536,7282983.055,95.61151491,23.2185477
4.940300533,47348.29874,,20.01081222
7.044937739,1607201.731,92.64385364,13.44081362
39.24091043,1893276.676,66.0406813,7.745656959
4.724493443,5588845.39,100.3531933,17.92702854
5.436701428,12575699.27,84.18168167,8.628101019
3.497731053,36932.46259,97.40750719,41.22610375
4.434386622,1826512.953,100.6895354,
15.27522485,4029123.172,87.7061213,13.47195494
11.22862436,49885.26753,94.58491454,14.83173786
19.66978428,2494241.792,59.93992045,5.399670427
11.0492261,3397070.616,82.49959708,13.75952571
24.41789529,52632102.33,90.03932001,3.496125252
31.00440467,1605865.24,59.87655924,10.02263193
5.577997121,58143363.61,96.89147489,
54.8068174,3041569.419,61.97949484,6.147649502
22.21246703,54223909.05,88.06714174,3.844505148
9.104515288,1004227.72,89.59908533,6.648636869
11.28474813,66891.96971,,
45.10083033,1539097.813,68.92676873,1.414709656
3.565089941,34005774.51,91.94309982,24.17033295
42.20181432,1453423.294,64.13286637,2.235265263
19.27343254,339634967.7,84.89999597,2.198079456
6.710327854,77632910.85,65.66885813,8.706040768
36.66894382,5480140.964,37.20125559,1.524740591
24.1866902,3728915.261,64.70200987,1.864816754
25.41680254,234894402.2,57.33512153,
15.10604076,11654686.61,83.09775484,7.378962507
37.34127063,2073154.753,51.50547352,3.856374964
8.614644441,1462673.785,92.38812699,12.35075166
12.42389154,410025.482,77.97078918,8.883803282
2.87149821,905933.5707,99.45870536,21.82985812
3.922134462,141951.9154,100.8283459,
6.017642835,52169737.64,93.72615884,18.93449921
19.19779953,21833446.29,82.93233202,0.889009736
4.035602577,34922143.1,94.0358351,25.56481948
16.83800633,8475071.119,77.43378793,5.073531597
25.25849563,36952.57757,98.30669784,19.37265693
6.401602347,23091262.46,97.76488693,29.41535228
15.22107839,15864654.25,78.56444653,2.854778705
27.02326648,382563.7344,71.33707739,1.53785479
15.89020709,2798084.799,62.41990257,6.03225872
41.79246969,26624.26277,96.33229902,20.18144787
5.060971783,122566.8874,86.87926177,12.82716282
31.68042535,7140108.298,48.53821065,3.452542663
4.413427014,37334196.75,98.85003126,26.53492528
21.86264809,270537135.5,61.46914054,
12.24356018,62739.35349,,
6.090410559,8199155.24,94.80757027,16.58705209
18.94183651,37894326.36,86.37749556,2.711785902
27.59213756,5603466.404,87.07421528,13.65908621
15.71230207,1962237.271,92.50208411,13.27835686
2.955757492,37684.85586,98.77348062,44.44712852
20.78074398,61425183.69,90.78528045,4.496339772
3.883635717,673157.5242,98.41689921,18.23485862
42.52510863,8409153.415,50.57566533,
12.18639653,4199964.802,93.03345994,19.93214623
5.482095297,55299705.96,95.39866105,21.96404933
5.915434042,4016731.19,100.2450079,17.21781745
4.508035855,1838657.161,100.3328447,18.34841789
4.460942485,36230649.37,99.08226679,26.2871338
22.35377698,1983430.72,64.24302733,2.025592034
20.46497537,21127768.55,80.7381212,0.834837129
16.24082343,8997386.346,68.35230014,6.057086862
3.103119711,25567356.84,91.56896804,23.09223974
15.42442252,413133447.3,91.27629946,3.395947586
11.37210555,90777.32773,81.65072749,13.21616325
16.56995094,2314433.325,93.22586313,19.65149499
4.551670097,740727.433,100.8937746,22.45842774
3.670912226,6717020.089,98.48309232,27.69769758
27.45237192,6032720.544,83.13930723,12.88253599
19.77565613,450886.4769,,
4.246150754,18643742.08,95.45978259,9.493583561
2.674082524,3026255.509,100.0081888,26.7892589
3.75002023,34802276.68,91.71209337,24.97542413
14.01805346,1767803.154,81.3816119,8.647913007
32.51319615,2138776.13,72.06329267,10.33610449
8.958388063,4563404.906,60.05882515,4.226646189
4.983407992,25916298.3,85.90496601,20.00218617
9.354697029,33274180.99,91.17991965,16.00726553
15.87565578,3925719.51,80.74619255,2.115410706
15.06821543,23090832.44,90.16834407,19.08233741
37.44040206,4675380.57,39.93902771,2.082372905
8.461427063,5008028.622,91.46439027,3.325768104
42.02731491,1389926.323,61.81329232,2.066430505
5.141305836,4184099.544,97.58314594,20.83668098
55.78293283,1811306.327,68.06905477,4.003076576
2.691080863,8968103.125,92.98495525,20.47083349
12.00202705,3322458.746,81.70294486,12.4939991
9.530337416,121313.393,96.05649592,24.32556642
11.39862193,136969.5598,99.55394782,5.347835698
4.426026911,90788.551,98.5940322,
12.37509378,9158135.814,74.04676308,5.383678522
38.76653259,6563631.597,78.12884665,
27.52614233,218927513.2,56.39590779,
16.80941637,22878035.29,90.80230415,18.96598068
3.000000883,2293476.854,93.28504892,21.44388648
5.232809312,34855746.92,96.93570527,22.56122899
26.69767313,1741831.112,65.773303,2.062145068
15.55994958,477142.282,,
19.39779676,248728.7398,63.68217051,11.20174338
3.122716533,2316709.402,90.4084038,20.81253699
40.04767331,1707714.929,48.45316096,3.26137987
3.575384825,39542567.34,99.29767898,
29.95537249,4676458.557,59.96564949,7.952984145
5.11577951,1882778.569,95.65360409,15.42223418
20.70746709,2509327.047,83.43289487,3.542767094
16.35748929,52565398.51,84.71898548,2.842308194
13.26115825,8202271.345,85.57167473,
26.88148276,3150437.977,59.86837515,1.506214357
4.856068107,89740.96597,100.0648363,26.25678868
17.4851625,24128537.37,85.15259696,1.169236316
45.06140131,12827935.46,66.81957893,1.058300138
2.714942187,283225.9123,,13.43614368
4.486953988,393823.833,93.78116844,23.55891996
13.32317423,42305518.68,88.08730772,3.767708591
4.238439441,17848925.03,98.21331142,9.169358781
40.25928096,1820535.826,66.80739583,7.518977998
22.73651049,2158793.973,92.40171248,18.05258048
3.552319776,3164339.596,99.50456644,24.23418347
39.08016934,2085753.862,74.99367006,5.990856745
7.989350541,18922361.99,96.03407599,24.91981251
28.53707384,2427604.514,57.42155068,4.866212637
4.416007017,39272.23311,92.18529359,35.62904074
56.1434133,3250472.965,61.39144586,6.212264548
6.18930994,1932907.967,96.35018794,14.28060494
31.22764913,254996.1629,60.24111191,0.85134848
14.35326896,11570774.76,49.51314274,7.231470338
6.790062823,22877145.67,96.11125767,28.72837753
7.023708568,1431928.658,92.23072504,18.24564795
5.133294871,6342168.553,91.04715426,16.58410574
12.73132986,3558879.951,90.03518135,13.95357952
20.33687887,2051100.965,67.76231933,2.165309195
8.391137294,32990010.69,97.07916495,8.879108751
20.02271242,7366656.193,91.60832248,
24.97746608,2694383.374,60.98459512,6.193029202
31.98148824,226520.0516,57.32880982,0.808594779
4.326898388,75740821.43,89.50992734,19.2311209
27.32197504,24138.43968,97.53874158,28.70396403
5.522907933,146560.5859,96.7443216,17.44811843
3.373006775,39538711.88,97.91562562,28.16816298
13.81089587,133707.7123,80.45451183,
25.81123443,37160.4349,95.44188972,17.62808911
18.23214408,6952891.251,86.02684942,17.92769869
8.397054815,21466052.16,87.64311107,16.93054901
6.711173061,5701267.78,68.62960112,5.125790937
10.8532705,207589.7388,95.51728901,18.48953253
15.43017331,405317241.3,92.04629742,3.165218397
4.556975958,95132750.86,96.9618721,26.14793571
12.58989193,4099289.456,91.57277308,19.13618846
17.99070997,3420356.804,85.27859898,16.86173214
21.83881683,7466759.094,50.35597235,2.325613344
38.05159712,1602962.689,64.49238904,2.708490196
5.56765817,47631.55657,92.71829957,18.85870002
5.710856299,24119326.57,95.73947778,30.3903303
12.95531493,9865372.136,70.05072482,6.836864817
30.59845604,5908294.299,56.90185783,9.076932892
28.47162522,3550587.713,86.57425035,3.530385029
8.380197745,32280537.38,97.77101776,8.307096519
30.17153377,2225324.296,73.70715564,10.77172391
21.38783485,15195040.4,76.96123728,2.115348664
20.59598444,275944.2457,74.78612557,14.31112258
24.13467804,3057973.732,80.94729158,12.97787949
5.294225534,31145775.03,97.6119886,22.40319305
5.996662873,4017884.917,97.82188693,16.80610891
12.2289944,116513.5294,79.15491688,15.05695034
9.111151352,44362208.56,52.91595953,4.006821861
4.597001464,45573.40149,92.7050872,16.33506571
4.156485579,3035575.975,97.61406012,20.36793131
6.425217528,50242164.02,94.78530625,17.9828638
26.26322645,7497482.454,64.23019739,4.872819576
4.886642841,34910188.06,98.87858467,24.55234307
14.54231101,576120.3671,80.53111793,12.97054056
26.50312035,25257.07517,98.12273598,24.93408536
22.33845759,8020366.828,66.33859195,5.308728852
9.440432706,970843.1327,84.78164801,9.178371177
5.731033549,8309582.685,95.10258602,15.32480405
3.210209921,14629691.86,92.637323,6.673891983
6.968391095,1709159.556,91.70971546,
7.997381186,20013787.77,96.64851884,25.93951072
31.67602619,332105.5242,68.62755803,1.194087995
15.16887556,12645742.58,80.65638971,
4.550404692,7351595.085,99.04518177,24.32604353
9.490087605,33644173.72,91.68214559,17.11777738
8.175453708,157032.0806,96.70018711,
13.84881614,3283945.366,48.13399765,3.010239665
33.04712003,5925301.116,43.19466324,2.774275156
5.914718798,147811.3736,97.19873001,17.84713502
5.662811961,12079120.47,81.36668874,8.107685314
17.51311336,460830.7924,,
3.498292418,37936.81808,96.58181794,38.60145303
23.65221411,1988069.674,93.85460817,12.47269954
33.85890087,5801460.779,38.35490252,1.623431365
3.508083564,641295.6762,101.6603603,17.9606282
4.392305299,30088269.24,88.42062418,20.86726008
14.34896082,430216175,92.94609063,
14.57557941,17758003.99,80.27879149,3.830300935
21.71525286,2658133.332,88.16276607,3.7834207
15.69220275,4816019.383,89.20968315,16.16021231
10.33786184,3632627.586,84.88490665,15.29862674
24.53067272,598883.8216,63.20091376,4.196677774
11.44376267,89530.89949,79.89691186,12.55300224
22.25122213,3117633.773,84.22682712,13.59697653
34.87177945,5715115.709,75.91130538,3.242413626
22.41779207,1798375.693,61.41743403,12.08536693
8.991533748,1931259.454,84.17981961,10.71603984
14.66346395,64111.18987,,
49.49244898,1321492.092,66.89083073,1.230847171
21.37709863,294914090,62.14221494,
3.836922145,7923197.591,100.6058339,
5.275499817,33854019.35,98.67306852,22.13421246
7.228915084,81783323.46,68.07542519,8.96859242
13.74054158,8782925.58,72.03782123,5.179506751
17.62414308,243326.5886,62.26337778,11.04814265
25.9894058,3678075.788,92.00438218,4.863676189
10.18073542,4277451.108,59.09117792,4.003627844
49.67215222,5261684.14,59.76528238,9.122034049
54.88121574,4452852.129,60.03810265,7.929918779
38.13214885,26834.98601,97.77580053,20.9320987
9.515416607,31955395.15,92.11637739,15.64621338
12.94399118,74456.54847,79.30543763,12.07812287
5.962844,49982.46623,,22.48744219
15.78809962,378786102.4,89.10761019,2.856295711
4.704021165,151572.956,99.45023919,
4.625273165,2244833.222,61.48830936,12.30349613
12.75623389,3389309.536,85.16777666,13.15183842
2.999691944,286750.3848,,14.13852997
6.354747796,2140491.377,91.16766161,
36.31649867,1814844.643,69.29567161,4.590941782
17.021311,109517.6109,96.68891939,4.172469743
31.65823614,6543153.908,45.70145381,3.090692516
11.9058692,10115345.41,85.93102571,18.53007957
50.34451903,5433473.204,59.69483684,9.372447349
4.250586687,151704.3269,99.77567782,
42.33002434,26832.02324,98.52855079,18.66963709
28.43175973,5811041.41,86.23675714,14.19833063
38.65754007,1267918.292,61.65623111,2.441751737
4.352397788,39242173.52,100.5527258,28.97521428
3.554984861,2480923.367,98.08654348,18.28840463
4.33809549,403908.2554,94.04068376,24.86103817
2.647776936,22122193.08,96.64162495,13.06573951
24.42644035,6837762.543,88.40033561,14.86724699
5.834660908,44976343.73,94.54288516,15.06916037
7.26132156,1393533.33,92.39208656,14.90525153
33.41900838,1675539.236,67.36261342,3.203827504
15.91641297,95873.46142,95.96584849,3.687164456
9.01564034,51452.55002,93.75704615,16.49385977
38.75389848,13419361.8,69.43830765,1.284600358
5.849451724,5397601.693,100.1189049,21.07140228
12.16792286,3646376.947,90.60237348,14.71922505
12.11143707,3928225.016,88.89931479,17.84005645
6.236965966,90241.19081,98.26677566,18.35485676
12.11409586,9423795.317,83.94475822,16.32793028
25.10325359,46812333.25,90.34205115,3.137708209
5.688443498,6300218.837,90.10719336,17.35686075
3.254612936,36573.53309,100.9417159,
21.44881516,2354855.905,82.04273227,3.157924538
19.17456708,2197423.905,69.70184811,2.300296458
16.29336533,37800287.85,78.4025527,1.659824964
13.07153683,2854835.744,61.32698992,6.466277806
24.4898796,1745756.969,61.81430063,1.749898112
12.77584912,372020.5587,79.14003964,8.377713692
44.1503316,27142.70158,98.37595356,19.70200364
5.540966945,6511315.482,93.94187768,18.62382354
14.07223327,519685.2003,,
28.33884733,6458820.838,86.76622844,13.90084493
12.17905834,4182672.437,93.26828593,19.37765759
30.21735149,1604756.817,54.41885311,3.132444209
15.51945636,6983796.514,90.69146513,14.34787714
23.01845911,3080453.646,81.38690915,13.05684657
10.48542902,215338.0123,90.44765758,16.66165652
18.47237459,2024138.942,64.84722988,14.63335687
9.299531031,2663820.021,93.83119925,
16.89961257,45150626.67,83.27441904,2.174081216
44.04551159,1719609.219,63.3341249,6.428933821
15.36091545,708225.9018,83.98283378,4.585391993
9.679728094,213937.356,89.43118764,15.74013192
5.344814682,2614798.476,,17.30286874
18.97146174,3578551.001,80.60610878,1.834651958
3.140198219,2296488.667,89.72564221,21.04578155
16.82326521,8363186.768,81.29868251,13.82593698
34.95987759,13923395.64,72.02287968,1.426025059
22.26618494,3133496.121,82.07659057,14.22621132
38.24790179,6431209.079,46.63547837,3.599182038
28.25978373,4158048.361,68.87236053,2.112084512
27.82210331,2893380.18,56.89486177,1.343594934
29.83726559,1709815.016,54.97114913,3.390023179
11.54749101,9818438.259,87.23838835,16.98532915
4.325541613,1169096.891,99.07867111,19.13224979
5.481101105,1871275.048,97.60682913,15.33713966
22.43159485,7936540.152,52.34261621,2.480631067
17.19326297,35606539.18,77.63728583,1.476333567
16.5904821,24690037.08,86.55186807,1.30226639
15.15317657,122656.3479,97.68107823,4.768392653
6.216034039,601195.7441,,
26.88146724,1681413.728,62.06329341,10.77118389
8.324760163,49913794.5,56.20562131,4.436365518
13.71659789,7639347.15,84.62675567,19.95788891
3.802308418,38256.76847,93.31353436,37.54549846
34.27002568,4225250.279,38.73495264,1.893041187
2.742820325,3130473.763,97.72591937,25.60333989
9.508355402,1858264.297,80.68666922,9.265202853
16.06530644,5904628.718,85.33158145,12.43771379
11.26190753,4412341.839,85.59863952,2.642218284
20.69954728,3249979.942,85.54233661,15.28572442
3.908247224,31780754.78,91.80095591,22.94147656
7.963220279,4910441.719,62.63315998,4.4656804
8.393467943,1594179.08,94.77612381,
21.81363242,56047455.45,88.75508383,4.013408191
14.52317613,84023.2201,96.91800112,3.202056864
58.4585118,3693457.902,60.94034787,6.759090428
11.84662881,3908873.089,96.98288381,
42.85084111,1646661.074,61.55147645,6.021968462
31.17912452,5418657.27,56.83338828,8.415002675
19.55013232,2179904.938,65.18735132,
4.028897118,39263.14982,93.93995231,36.67211329
5.509070745,154502773.3,93.1849141,14.71933748
6.443127416,5456214.529,98.46751087,19.46920518
3.919938739,17080466.33,95.8782973,8.156503031
26.66451948,6222096.512,42.25333809,1.826268035
21.225368,379823779.9,67.376091,
3.446242592,32478146.48,94.99892308,20.52882461
6.056471052,6944533.572,97.73209799,25.24986443
4.922178305,88390.47387,100.8404675,24.028242
27.478284,36320.70137,96.31108171,16.48743833
4.776877061,26020287.12,97.50370414,32.36807915
15.12037304,86785.20291,96.41442306,3.526013086
11.20658441,131468.7463,91.97676575,16.50135933
23.63253165,2160588.025,59.00826498,4.355857949
4.012723909,1164078.698,98.30682899,17.39028948
16.18879956,6380443.661,89.55156151,13.22468249
13.69185638,641892.9691,83.73734268,4.168830553
2.650630365,309955.593,,16.73159957
30.93383989,4970248.046,73.06445878,2.634634084
11.87731615,1759761.922,80.40168183,8.72619694
16.81061765,15888894.81,77.88864961,2.599247528
36.98966546,1188801.88,46.19599779,0.9755794
5.918338498,4007293.918,97.33510513,18.06600575
6.162400103,152489.6227,98.74949581,18.95980934
25.13633135,488444.2747,55.73042591,3.583444413
16.55027762,10046679.06,81.37617711,6.359850239
11.47600342,207150.7799,90.95607619,17.30891538
16.09376133,43292227.67,80.86783785,2.063183328
8.187419915,210437.9061,88.88517718,14.16173582
5.600811223,7393673.141,101.4859564,25.59974475
9.219680181,160404.615,97.40267739,6.365933968
21.52473203,435301.9834,,
31.69503365,2230297.303,54.82539882,4.35526244
3.758723161,106987067.8,93.88418272,19.83680137
28.73473493,7523702.874,45.68413594,4.377099727
26.8382162,1695356.494,65.24852066,1.96253686
26.33780868,7952044.444,47.14600101,4.582488344
11.78078425,137342.9408,92.13342138,15.2237028
22.44749187,20032379.49,79.31988259,12.65496487
18.50813397,39729500.18,89.69307557,2.811872203
5.515829242,79429732.56,91.6363286,20.39083629
3.116073589,8919753.913,93.69355486,20.06912725
2.547776279,1988654.959,96.85379299,25.8089599
4.350280939,457196.9966,94.9431634,28.01224433
26.04044098,7066730.869,54.63227868,10.00976977
25.06558284,8038558.27,55.60794914,10.7638818
4.705910136,753804.3856,101.5394205,23.92551921
5.243394315,39115.80946,93.15928703,35.37673682
5.564664001,946430.8475,99.38949564,18.01920348
31.21915812,5272639.977,75.24636075,2.798649143
11.93690013,83568.53461,79.31971071,12.35993024
2.617981845,164808167.2,96.87734916,17.14880013
6.985628571,147057549.9,95.9494968,14.07326235
9.318093938,2621305.816,95.27413065,24.37159168
24.21699668,2080537.002,89.55088829,17.05594269
19.00916029,15159699.61,76.71301181,2.388084488
16.42264179,101538.7954,98.52357979,4.036952339
19.29053408,20858667.59,82.40184684,14.06208339
18.08134897,23238771.35,85.10009286,1.081284162
36.66961289,2272926.266,71.47111743,2.257437397
32.38235113,7149876.542,45.1111837,4.091795696
18.15886901,8919856.313,69.34165364,5.812345706
11.92519849,421283.7505,78.82658045,9.190195261
3.041409173,238791.0142,,9.510190712
5.040970875,2526743.558,,15.80792128
4.740628875,45666.22433,96.04685238,15.61990027
30.11470024,2290928.022,56.11573211,4.599111394
4.647301274,84855025.71,93.63616234,23.7184425
13.09321041,2935120.137,73.16157718,10.46581365
2.956323171,3110343.288,99.51790082,24.93261122
31.19915305,5248783.226,79.27875916,10.96980193
21.07251304,72362855.89,90.08827975,5.334111251
24.64351966,14885645.8,74.20993382,1.956347012
5.583120218,6610496.496,94.1075032,18.82909901
9.134812636,30691066.33,91.78071464,14.73599802
47.8264648,6178284.392,58.50850896,10.79088332
26.08992648,3991822.011,65.91148814,1.980036743
6.161727382,54384.96729,94.10390987,20.83817022
8.46177584,1478503.403,92.73128008,20.71814665
8.848543048,179795.5508,97.65214179,7.214544042
4.982418515,89248.82972,97.3711231,25.00627504
14.23475111,43959847.87,91.68542797,5.139239224
23.43509853,257069.3283,67.5670088,12.56820596
10.82840791,101054.0902,81.22920863,14.08443836
31.28929963,241453.1871,59.27352341,0.8427352
27.88353184,1844660.487,68.07909461,2.13543851
4.356147815,96481038.45,94.47323092,27.76814313
11.05353175,9257730.493,73.60991008,5.686994498
43.9462534,1719096.739,62.23401564,6.29231295
6.278680185,65616774.83,63.27401199,6.698902527
4.048524048,1159455.316,101.0933211,17.06982279
6.158837066,50379.99476,,23.65958824
20.28450369,3309787.701,83.99080904,16.01662927
14.01889468,480631.138,,
45.93417198,1424507.892,67.36028922,1.326682748
4.465350499,1190006.456,98.4115395,17.08633895
20.15476544,319527009.8,64.58393893,
35.74374561,5352209.278,42.44980275,2.496190861
17.17550483,2612613.601,74.88242109,
7.57817329,15135748,87.40661044,
4.469116311,667523.2489,101.9712674,18.77531505
9.80613087,50742.52252,95.57467781,15.69278163
36.44349492,2033736.337,69.39611671,9.295350296
8.901158926,31085149.97,96.12725517,8.05970846
4.656103849,34761000.21,98.39490466,22.81309316
4.652780332,782185.6849,100.7886548,
43.70893651,4862852.74,33.50348371,1.417986794
2.903837589,2485339.601,97.87291179,18.65096557
19.92053948,2934209.978,80.64240556,9.672676292
16.0787935,9081461.615,79.81530755,5.755591862
9.345408197,1527341.896,93.4946145,22.94675711
3.364953479,5252558.014,99.68625561,
4.16941695,17786525.07,95.12877617,8.729488483
14.65077927,25848275.75,89.8464004,1.554150266
35.08755637,1670406.21,66.02629999,2.938896261
5.109933835,1798556.966,100.0864798,18.00236565
39.05064878,3129130.747,76.64557725,3.231579219
16.77766704,3551731.224,85.40009785,
18.62599595,1916988.519,63.320907,13.79208568
3.89174938,1179272.415,100.0882143,
16.16613091,7650703.75,92.99157193,15.84261082
29.5712951,1645332.653,60.22297682,10.31640194
57.69876819,3839054.575,60.24680874,7.221168432
12.19516707,4166215.686,94.26057077,
4.440649846,744089.7141,101.0269207,22.78417864
4.177850164,421816.3492,92.7730657,25.63867892
11.45208993,572176.2835,,
8.998094532,188470.2945,99.63224552,
16.3109175,10468035.31,79.59110684,6.494171559
7.099533935,52498.40061,94.37650535,18.87345774
21.54814831,2166305.17,91.30553663,18.83304672
16.18021503,5895312.774,87.20676152,12.22283865
32.90981121,6058070.921,45.28216091,2.927294639
18.10283568,5349092.497,84.93494327,11.32048038
16.35713745,8668258.176,78.78114601,5.374075257
25.31660835,810174.1347,76.40896172,5.74161335
32.27924847,6808907.474,46.32017827,3.244409112
7.793192147,1956290.421,88.42236714,11.37736439
18.41970047,3058120.057,82.57347497,9.76779404
7.354910329,119381.3574,95.30032727,26.44996249
24.269038,605331.1234,63.65820344,4.401987463
4.419338374,407765.3415,90.93438968,24.25081099
7.872278117,1178443.955,101.1554269,15.37887321
9.253621544,1405103.516,90.26010123,12.25855032
12.11865647,25022242.56,93.41577845,5.361561048
5.270408161,2633206.944,,16.08441395
4.861830249,766756.8127,100.8590131,24.01243384
37.05505138,1871749.285,70.6748804,4.880613701
31.07554492,37019.52916,96.59154753,13.04972311
10.01574647,1123589.666,88.02968888,10.3703382
23.91263119,8450316.056,45.78454902,5.034241168
15.26325575,11124140.05,47.28414536,6.877451487
24.0679379,8674875.223,55.90809712,2.772653814
7.731878245,170729.9798,97.05753968,
27.51419438,25514.60099,98.86260448,22.50367743
3.593857972,39546341.55,99.46341397,27.94317726
27.70459828,5274428.154,85.43020469,12.33903713
11.73657582,3665497.819,90.83848821,15.53848846
9.693403105,586051.2621,,
5.448330449,2831205.295,,
5.088707461,5497136.567,99.04280969,18.0386639
29.10447966,1477699.642,55.26384538,1.382729792
8.470118198,222784.3757,96.43532606,
40.87223746,1787729.275,50.0693162,3.367261775
12.46587187,66273.88494,,
49.2970201,5587413.847,59.49946965,9.852576833
6.594745462,1391401.263,92.65749591,16.56713718
4.783744703,391835.1053,92.45831499,22.82366589
4.484940725,467594.0518,94.416892,28.7934311
16.80588272,9561598.158,80.36569509,5.932302351
40.34247808,1466315.534,66.1728078,3.286155657
6.619774204,1425097.265,95.20702983,17.7888831
6.472540646,27157987.89,92.12237015,24.97341563
4.339501464,5226085.393,98.99258555,22.66350972
42.28490489,5998980.431,44.80000985,3.33498404
11.94097068,453946.1399,78.94600008,10.25226726
8.54839196,24115305.21,93.15933083,20.77405733
33.31691146,308465.9589,65.49546471,1.041688738
22.8610029,6853033.022,46.06868913,2.027101186
31.92118791,285485.2585,61.58935354,0.926544589
27.65272347,3645516.295,86.80834685,3.799385364
4.30337242,3091987.81,99.42808195,23.20424816
8.229409892,1936534.644,86.51491172,11.15527373
9.348112847,3509057.446,82.83634732,14.06916814
10.18210648,23178357.73,85.36327965,17.20004509
14.60511181,8999334.601,83.56116253,15.05704706
14.0643891,123544.309,79.67278218,15.97774609
43.58222814,1837996.13,70.66346759,1.722457569
3.605506481,4488630.157,97.00328375,22.73377096
16.72816162,10371258.48,47.68179751,6.452345482
26.37609042,6521614.284,87.65219636,14.43485803
18.69803815,7916054.702,77.28745256,4.683059008
4.517081144,86198157.74,93.40922759,23.90414374
14.14000369,42879283.49,89.73778868,4.588300645
24.08723835,2666343.037,59.1201795,5.954667714
11.488103,65064.24722,,
10.69450964,104488.5415,81.38623481,14.44552422
33.43670636,1730281.009,68.26960677,3.407519249
2.553789305,4720185,81.42101328,16.80813361
27.9966762,208424306.6,54.3092622,
13.94662792,23948705.7,94.70226645,4.991403911
3.740484539,15686289.32,93.97106064,7.364302006
5.519435346,12821979.09,84.8986366,8.931671134
13.52472145,3532833.859,50.03139527,3.193965059
15.05395708,63038.73468,,
8.914780889,20922432.03,87.12940818,16.25671912
5.585724319,5443265.373,97.74640316,18.58021117
13.64875818,4099732.572,85.67110667,2.362757098
3.849628101,4486096.879,80.8262961,14.33064597
13.50821805,42436592.54,91.19201947,4.185584617
24.32567916,1997276.322,73.27852251,2.552243593
11.92386707,3824088.564,92.59940347,15.77315387
8.234949094,146646.1998,97.33815546,
47.10567616,5541392,46.22728174,3.272620576
11.60553848,127190.8881,93.94817857,19.11441328
11.29807275,3009769.483,64.29587224,
17.17908873,39762428.82,88.82209122,2.989425496
24.44495911,3701299.254,92.16236144,5.531627697
12.18707309,132511.7318,92.35571298,18.22032181
4.545922822,1170651.783,101.2899643,18.28125309
11.05156135,25783408.87,96.24512063,5.778343041
7.137099217,17736545.25,96.22097567,23.68866557
47.99740625,1793482.163,69.4710187,3.892490868
6.384758485,90425.73649,99.93022182,19.57905441
9.646666191,1207016.098,89.99122636,10.90856811
9.422477333,1579172.676,92.92014252,23.12886957
28.02528167,24751.42356,97.8549489,26.21176666
37.93824099,1997806.456,69.81043551,8.519374828
19.02410767,4250374.769,74.83014004,11.62793456
9.12025599,47516169.19,54.94927026,4.162615327
25.69669245,37572.36595,97.17310078,18.95986715
7.741673686,181198.1603,98.93916663,
6.199901966,5487102.878,100.4487755,19.45748653
9.463960401,43004634.17,51.62960075,3.733510207
32.00762853,1476902.121,59.51603631,9.412391904
13.64745567,62103.42901,,
7.427232599,23368275.62,86.90986862,18.02586321
9.463157701,29382290.57,89.97916481,13.65275428
5.776488909,116712.658,94.23268269,28.43506991
5.621898904,8242462.015,94.20276473,15.17865706
4.563499537,41223819.23,101.2518109,
8.273478685,11548478.96,75.10455995,8.016832124
21.57778499,2382365.527,59.71797542,4.86758464
16.32298135,21386840.48,89.88273964,18.1518168
8.098158318,22821862.4,86.2609619,17.35139096
5.886473472,51230.25934,,
4.558084642,91603580.39,92.94474536,25.50956196
13.01062283,41586912.13,90.43557129,3.875775388
7.744323509,52922.43433,94.78934202,17.54389901
22.70478119,430874.9317,,
11.17479608,872467.6548,87.23851881,5.757100657
4.127579101,31877539.78,91.65939096,22.61907951
28.47944579,24680.68408,97.55222598,25.10755447
23.1084183,2136949.763,74.06608411,2.667911379
29.59761363,2780495.456,80.65931228,10.9296464
6.864988996,2041889.829,88.67542297,12.59231967
25.83527544,25750.855,96.58044638,23.02125148
7.855125918,20160067.06,95.10716827,26.27266508
3.966592064,144174.9681,98.58921218,
11.08426494,22296678.81,85.92114581,16.60741059
4.068646302,3052126.671,96.42578353,21.83705763
13.37885253,71556.30599,78.73661776,11.76235671
5.497546479,92065.73038,97.5402543,17.38681292
5.711565369,1820839.965,100.3528766,16.84235969
6.372764248,48576947.84,96.3142022,16.72583323
5.60465471,47187.97076,93.64404679,18.28180525
15.74719167,6687367.146,90.49100298,13.94942924
24.9505415,2106200.625,58.25860399,4.163063006
30.0705521,4704610.718,71.98493981,2.47634781
26.87452667,1563676.833,56.83603824,1.473425666
3.728936406,38008473.98,98.91281626,27.04089962
14.86255297,4192814.092,75.25080419,12.27225613
5.038729903,7568462.624,96.11867048,
15.71965942,241648.8267,59.46901454,10.85631681
23.44108912,54245092.81,90.4671664,3.643062608
26.37920553,1900570.034,55.48795701,3.754460159
21.19716594,7109756.133,90.48749168,16.15292426
3.876663795,38185910.17,96.82944983,27.12445891
4.624636016,28552275.18,84.92318717,
4.430342273,126449.7813,89.13784434,14.15974173
21.8842993,6970579.561,88.85178553,15.73641861
6.09836901,24129986.45,92.66053568,21.35525723
21.51042968,3190294.747,84.31899837,14.75933175
7.400320773,586019.5329,,
4.148483339,36410420.91,97.52250153,24.36235717
10.67215322,142190740.9,93.22947618,13.41120045
4.020614366,138068.5885,101.8021242,
21.49538128,3426951.864,77.34661765,1.594597814
4.766496416,6875926.238,94.81669609,21.53928513
5.142270054,33590064.25,98.76293696,23.36359243
17.65787176,10002829.02,48.39884592,6.147345558
30.36605606,6046860.842,41.24247244,1.678806417
4.440243193,2398144.411,,13.80631856
34.40566672,2482714.608,71.66245541,2.441140009
5.506388223,696141.4084,98.42145969,19.33620455
55.97974718,4337536.321,60.59719946,7.67237719
27.42250405,1884485.636,90.32633905,14.8089456
4.725843807,26938449.02,91.19085969,23.65002006
24.9535392,37989.40526,97.04038126,21.91508742
8.768530996,4788395.678,90.5053378,3.087056245
11.06159187,98246.75172,79.56382993,13.65564733
3.377525112,4814595.919,97.37420249,23.75682845
31.12048599,5489980.284,80.51546702,11.61346089
4.831878805,6219187.618,91.30336796,15.76302599
25.54493705,37168.3095,95.9970525,20.84253685
45.97169616,6244127.146,58.13400915,
9.978530301,27922016.66,96.69896799,6.554517099
9.046460993,221560.6892,97.03586597,21.43792145
4.409977542,2438514.708,96.81254484,18.11421293
23.24783375,1888995.035,64.15706132,1.843536181
9.527311457,35076653.82,96.47526911,
21.27573971,8941975.452,46.18187453,5.442543003
5.63679062,43746015.63,93.91494348,14.68397449
4.682268197,152919.5422,100.7642233,
9.703299327,1332339.726,89.4847852,11.7864095
7.730074522,213441.8749,86.29438757,13.57375655
12.11906214,3844819.053,93.90729965,16.27682873
16.24152731,7407000.752,84.31593295,18.55764825
26.42309608,407489.061,71.42373779,
6.780170696,4184875.255,98.65509432,21.05318056
3.84972684,138751.2492,101.5536147,
8.350630256,147745.032,96.01124054,
16.28614016,63879.06019,,
4.237826737,146161.3514,99.98503501,
24.75911486,8706383.847,,11.02076248
25.58096356,2849262.908,88.69735789,
29.95760174,5913435.932,84.01245243,12.0982657
6.094356958,157258.8666,98.19032688,
9.111018689,30643514.21,90.35966331,14.12623489
6.462996804,11313434.04,79.95385914,7.47681786
6.041693841,5801806.138,100.5477338,25.41968776
27.01339866,830117.5261,77.99446685,5.897475713
4.364672029,45417.4661,92.65688726,15.9664991
3.352459779,21571652.93,97.5350476,11.71362427
18.52855369,7715677.395,80.35603768,12.15294755
13.73219686,506186.4109,,
25.83626083,2848540.51,61.36150391,6.680966277
59.08978097,1834305.051,69.51568637,
13.95007994,564113.4713,81.30544658,12.24931202
12.07425923,3871267.109,55.25450029,3.487077833
7.440455169,180619.9695,98.31872025,
4.70838158,2233433.546,60.30711346,12.20237958
4.626329215,394546.8367,91.09382973,23.02603881
27.65811387,24453.14107,98.16522018,27.53391849
21.84595064,19213734.88,78.37080715,11.98556492
11.8674766,440103.765,80.40290173,9.601072663
33.98574491,1393861.093,58.29091915,8.589047268
6.001596023,4029149.103,99.82309702,19.29120371
16.71281121,48873428.64,84.92897302,2.636348773
24.45950533,570650.4068,60.49032441,3.987185514
13.12367021,3607909.204,53.25187059,3.372315458
3.155672788,920211.9301,98.68569823,20.31699499
32.82011598,2762293.005,78.11405078,10.72977919
20.39035949,307570405.2,62.94660073,
4.281371806,28938024.65,90.52790053,20.59952611
30.95280485,5710901.393,57.95153776,8.855593327
14.77375375,3119596.625,46.96515596,2.889235538
4.652659069,88645544.64,94.92902273,24.0823132
20.99861527,65031570.97,92.14164336,4.721947016
15.74042117,6486481.446,87.10932062,13.744047
6.728817199,53767.55565,96.05764556,19.35730555
29.7910739,339218.3165,69.07831092,1.267903653
22.39799201,268135.2236,73.36513069,13.63363928
25.74982632,38195.90325,95.32761712,20.42568408
17.80810868,20701627.19,81.97531658,14.5413023
20.59948308,66972021.87,90.93582918,4.916415461
20.82747888,2393125.264,60.65639166,5.069570583
10.03122025,4508615.337,85.91327397,2.821801126
3.858879558,157662578.1,94.44104389,15.64379372
4.4421075,36154554.94,99.41892587,25.97386258
3.346100519,4586748.231,95.63536154,23.29353286
19.97309477,1877318.129,63.39098762,12.88066362
11.8885963,2437407.053,92.10618974,22.5499586
29.4221454,3537205.408,84.74155204,2.860307348
9.862508584,904275.4408,86.77787014,6.001538883
30.53083152,36073.23856,97.88042726,13.78911924
5.498280226,5323820.633,97.77452404,22.06894843
49.25329675,12274617.42,66.88911665,0.976125104
8.244451519,157233.4443,97.72411463,
10.58406108,123138.2625,94.26435982,21.35747138
24.03298686,3777974.842,95.34898152,6.193123657
27.26761086,1879849.944,68.73118534,2.279954561
11.57654099,10414848.71,71.35447586,7.120583262
41.1216902,3360713.577,76.53073964,
4.532393408,35534624.38,97.7336513,24.77214159
5.247365988,8336632.734,92.24224218,17.54293788
7.672825138,24602049.79,85.96588311,19.15820624
8.399462543,10492497.4,77.68594795,6.789016284
16.1151799,7928151.845,94.17721702,16.64699816
10.31029714,19373817.59,88.27187083,14.49762584
5.697116797,4429859.019,78.17071105,13.9323232
4.65152554,90469049.17,94.70965111,25.63142587
22.3790783,724621.5505,72.92802626,5.295613151
5.122719492,108928946.8,93.08484161,20.05312843
5.588938588,967320.2677,98.43145954,19.00726503
14.65636371,426931517.8,93.79009857,3.562528061
23.38103639,1957508.25,93.78181126,11.89778107
4.323330099,1200097.879,99.42806916,17.56880629
14.94851094,4827818.852,90.32385305,
6.54107339,6082216.16,69.97969426,5.389009739
15.98830221,10854513.06,81.3399029,6.829384996
11.58268803,3107588.085,78.341166,11.36205142
6.070548165,55552.31266,95.31698211,22.28536085
14.98625645,2330872.067,92.0174638,20.69011212
5.859361029,3992925.801,98.34765977,17.87272917
5.436193414,6811039.412,94.1521482,19.68894666
12.63322762,63842.92555,,
8.193788548,5178764.317,90.00512293,3.476139776
20.54662418,337998268.3,84.27154609,2.092464
8.926073262,1200812.571,97.75485017,15.66861115
23.842109,770286.0609,73.6037555,5.394962222
4.116557206,36523903.13,99.11348805,23.72934319
3.145347743,37109.10179,97.62785367,43.50755367
11.0263779,4175915.909,57.34680988,3.776140582
17.96974405,3253271.76,81.62016521,10.35249558
46.63690318,4507687.379,32.01582564,1.360286841
6.381679214,1424327.988,93.003222,16.7211643
4.074230603,7765676.174,99.72865083,28.32493871
15.06893574,55387838.96,88.42432953,
6.393535741,53222.27481,94.67863271,20.25632089
10.26484976,26130187.37,95.86266785,6.158325855
3.344889417,8639327.005,94.28692898,19.2026486
5.981729641,4074414.998,100.407915,18.30152684
18.51400715,8211889.216,80.65718773,12.70401648
14.78849357,595330.9966,81.94461802,
9.998934726,1813578.431,81.77991921,9.236412676
4.568950229,155104.2678,98.61970124,
40.28356426,1545539.359,64.73211508,2.576311447
13.05482102,615541.5677,82.25152016,3.908350518
29.21568223,3634289.829,83.50827813,3.058565476
24.09102629,255214361.5,59.20845174,
7.828159063,24914017.48,86.80383396,
13.04119832,4001491.45,89.9256181,18.90522975
13.409429,537955.3144,,
10.29451729,9632084.749,75.83374355,6.137332134
4.256255386,4401935.399,96.45008308,21.836877
23.39334972,2733215.364,86.74672003,4.080349069
34.79506524,6598671.856,45.28852587,3.838226118
4.244553431,3122906.079,99.05186099,22.72327007
5.592363435,3881302.747,100.487503,19.60625385
15.45996346,7146868.331,91.50809257,14.75771775
5.644412308,6619814.922,91.44617949,17.60582218
12.72775451,833621.8308,88.72648972,5.353469316
4.951007134,46116.47947,94.66196892,17.27647418
11.51657643,9438346.148,85.69697511,16.54880282
4.471288576,95586421.56,95.9674174,27.15939571
19.97352605,6903336.365,87.02311742,16.99007456
8.961199282,23788905.86,84.27298452,17.95966995
25.29235512,1683805.89,59.60006534,1.591695565
3.463373997,15383657.96,96.01798389,7.062364583
4.323822419,35196275.55,98.39255962,23.60210363
32.7325687,13979515.52,73.72092029,1.550861724
25.00769192,2924543.793,80.9979103,12.14987525
11.78421712,132185.4274,92.93796934,17.08141576
4.760280799,26435921.24,85.66482809,18.01200333
2.781669489,306046.3272,,16.42883014
5.170201144,724565.7422,101.1867256,20.84781318
13.05292933,65675.19344,,
13.26382901,119757.9465,81.87529462,15.75543169
7.735853175,136117.4866,93.70878209,
17.95643623,20808140.67,93.80070602,4.031244537
3.557667942,6176413.155,96.66643413,26.71068807
5.694045295,52974017.89,97.29796593,19.97337376
3.116305787,104169124.2,93.90646671,20.94850375
5.77607135,52668033.03,97.36433157,19.80881859
12.20245349,10433766.96,87.88474379,
7.853826208,11927904.93,74.36494712,8.740699562
7.461253936,51544.2925,94.29150417,18.03598173
7.573903077,35918970.61,92.87969042,20.15120143
11.50848493,65764.25682,,
4.192651025,943783.5865,100.9567301,19.49190739
34.39379216,2147199.32,54.30860264,4.140859667
7.915147536,19450237.92,94.99069967,24.99113131
8.112376339,5342705.363,89.87298249,
36.79132325,1755389.994,68.7014925,4.316073862
27.00291901,3688244.641,89.16811934,4.078959123
6.298057132,6306614.663,98.54106623,24.98798408
6.415453988,24571916.04,86.28672782,19.07226197
33.06086394,318974.3812,65.88322667,1.095942242
16.94253184,18107393.15,79.66867004,
28.35010234,885492.9657,78.81089694,
10.29903371,125420.2172,96.33148656,21.87466755
15.50046166,24972729.89,88.23713827,1.391861844
36.17022593,2976642.027,74.24572166,3.032093298
24.00105713,2005929.508,91.12777464,15.78501668
3.702433793,5811696.162,98.07758518,26.09868921
11.14388601,1940021.601,94.47351487,13.35419509
2.780860239,901040.7875,98.16163745,21.09475253
33.44124734,5582561.028,75.74900438,3.091539726
9.877315391,28214115.55,96.01202869,7.117821536
6.794075128,1177401.869,99.92972293,15.96053
15.03289429,12008469.84,82.16906797,7.947168453
39.04199421,1571249.013,67.61611018,3.799622112
12.2184056,467757.4506,79.6693111,10.41960648
11.49974236,441280.1133,78.6227316,9.893904402
5.570523141,83003304.64,92.5374685,21.99620205
19.06056505,8145835.93,81.29198881,12.58891001
36.66540318,6167145.992,78.44132654,3.594099891
10.2233699,215193.2432,97.04210096,19.79410219
15.97995553,3811314.137,86.93081196,12.47752488
9.083294338,27496667.95,93.2175747,25.08583928
10.34442551,23954688.51,91.96996266,20.04754598
5.65730774,53774501.89,94.6638665,20.88450149
5.327517835,2166139.965,60.14848842,11.73839619
18.14792453,2226480.328,90.44896308,19.14160821
18.85410757,3395458.597,85.51874247,16.11202291
20.22239931,332914699.6,65.56587628,
34.11196091,2754442.471,73.55601613,2.765546916
14.52084455,67569.72164,80.14182994,11.34357163
13.6930817,9000272.522,82.96756228,15.47312053
6.138481403,57504494.76,59.99009322,5.430499687
4.737631973,79428677.95,91.39185929,20.00825698
28.44484225,5885495.074,83.75590619,12.85627725
4.629588661,126545.3217,90.83869189,14.27942138
7.407994199,174057.1574,99.86870845,
30.57687317,2915367.008,61.92761394,
4.017133114,36846047.65,98.45995776,25.45305538
4.119963912,1829006.448,99.0213455,19.03970904
16.6403773,49310.00251,94.13214354,13.33187662
21.69481019,275112.7044,73.64082822,14.13269181
22.69545172,8854141.156,54.54841903,
40.13993504,1339323.948,62.80704663,2.608309147
3.360116002,37035.00306,98.57591333,42.10712984
3.629132486,19783861.23,97.52315626,10.57503198
29.80969766,3515177.97,82.49951661,2.679083937
6.703642117,54207200.92,58.89633755,5.053433112
5.866553902,92185.70758,99.33468737,17.99746331
39.44654973,8005789.126,49.72408198,4.067191033
5.392070089,58147225.39,96.43930254,22.70461332
5.617682484,1801476.711,99.68901706,16.99365172
5.107988176,24444654.04,98.58760002,30.63160821
43.24900114,2249326.577,75.29059767,
7.505208125,11153554.14,80.22931645,7.288618464
10.75255846,3706981.821,85.85550541,15.7700804
35.60231413,1390534.942,56.44712373,8.367652863
9.643643363,19677559.95,87.43066009,14.79717788
5.471946487,46532.52308,96.1523601,17.81426173
8.74283662,210287.0157,88.57892639,15.20142503
18.72463272,19506236.82,93.22387351,3.908497942
10.33591832,2433230.371,98.42986951,16.56994542
10.87155748,3786235.184,86.21939475,16.53061165
19.78856517,276098.3156,74.40685938,
41.88107479,1634128.002,58.56932137,5.923538896
14.77046753,7400599.916,87.17109027,19.27683244
9.972171297,1885976.289,85.93785117,10.33519987
2.812525526,242615.5336,,10.1036504
3.480399833,38340.60868,97.49739322,42.04879137
12.75540193,3957613.196,91.12259266,18.23579037
17.06269612,2499451.765,75.37655455,2.986294574
15.4635535,8228672.448,92.50165684,
17.80778714,2649983.908,61.00122344,5.669076323
3.633445337,39027.82113,95.81302,38.59584469
13.47345044,2373096.032,92.03833466,21.37703631
4.224014124,101251191.7,94.76959123,
15.69875053,22620038.44,91.64914078,4.701094027
13.68015669,26559283.17,91.16939907,1.729500382
16.17346835,6267259.957,86.64302859,12.91888054
15.79524997,7546101.78,89.76704028,15.6622992
18.22299029,7571361.352,78.42450392,4.370039488
4.331001639,417070.128,93.3661001,26.49513026
15.67301874,8973716.515,84.70275374,14.29538597
29.89839676,5017616.485,58.24459363,8.096132237
3.596776354,37113.66948,96.37203623,40.99122212
15.41650166,4486921.933,88.17578571,15.18613873
33.07518455,296738.0921,64.68918157,0.97655233
10.9673334,35033248.99,91.06554936,17.85425545
20.32772937,5309263.068,84.02988323,10.73864549
38.2060488,1647780.081,68.94117906,3.950800454
21.18733504,1978124.63,92.12651469,12.84338424
17.81017565,242773.1714,52.72941081,9.583055109
9.372363113,154599.7507,96.87408221,5.998172269
25.71815051,37312.05069,97.894236,
10.31630221,1878028.767,85.02447138,10.08313489
28.64411979,6298511.959,55.90303832,9.233156216
21.76106026,20303679.41,80.56619646,13.7778588
41.87904908,1532603.077,64.8031662,2.366071514
2.649974826,104229148,95.51178069,21.20255741
24.50951431,6461807.111,45.13623843,1.914842914
25.43985596,7755035.99,55.02522204,10.65615269
27.16440119,37087.0818,95.31452952,16.96521187
9.411195698,1052814.395,89.40249434,7.049846626
25.97784707,48343750.34,89.1745228,3.214251052
5.291268341,29722406.37,95.44129115,20.90738388
6.459966834,13868779.37,87.61059432,10.11113646
9.339815993,20095195.81,88.44126232,15.17142589
25.04390938,3317035.636,61.91116798,1.60196015
8.459457867,188474.8816,98.78778627,
11.03749241,34824623.16,89.39367428,18.58462354
10.12313664,10750228.94,73.97220931,7.351024132
22.31778487,3134914.773,75.9098714,1.50342056
4.591916183,88471.77031,99.72531638,26.25405477
9.653719702,1185520.347,87.90212216,10.37943288
3.772958494,25871414.33,91.89599088,23.06817991
5.036653842,4320346.813,100.7261531,26.65350099
14.06670423,76167.78122,94.50222847,2.988593677
26.88890447,6821077.247,53.86787208,9.883986169
24.31549752,3579231.095,62.33847062,1.705877581
8.868160061,145490071.7,95.54729489,13.79215858
5.987703333,5325327.885,99.13655752,19.02260816
17.12691913,347639384,87.9994911,2.380523677
21.37691883,321841178.8,83.74345311,1.975797493
21.32786322,2451177.88,81.52420316,3.309354211
11.85592668,142246314.3,92.05923558,13.11593877
37.38230256,1926064.612,72.35317594,5.125027137
8.461926212,215802.3387,87.13789902,12.46054491
5.780546906,6205594.457,74.26014035,5.769204344
22.77847261,19655108.52,80.6698992,12.97733167
40.00253994,1913171.247,49.42920703,3.597315404
3.521756997,20922347.47,98.62786114,11.3492133
32.09334921,26539.93297,97.68259411,21.13662604
10.0649751,35585518.8,92.38819355,19.08219182
4.257391064,8545186.972,92.92896903,18.02946904
23.84687295,8228685.639,53.5405094,2.687262615
3.582840367,5064523.563,96.25060007,24.03951003
25.82957031,1944330.634,90.99644477,15.53265783
9.199500106,10168961.45,77.84059816,6.294806521
8.147858703,164895.2195,98.89918069,
28.22061536,6292137.022,84.54047841,13.49133709
33.63712877,2612649.174,74.47326814,2.583360964
56.7163063,4112275.971,60.96757478,7.298538493
27.53396367,3052788.007,57.16937502,1.446631101
23.02337911,3822118.538,95.53889467,6.508441614
7.761815391,140655.2839,93.27173876,
5.307963741,1166096.611,101.0910884,16.83354104
7.771882259,17813044.12,97.87405811,24.19452657
5.111589126,7661796.598,99.43439079,26.82501196
14.70638698,797395.2062,87.7284045,5.067018576
12.14352892,65734.34599,,
8.343507912,1199964.935,100.2976792,15.70747256
26.80433644,222658149.4,55.39655164,
16.76048706,3743719.344,85.11935218,11.98470039
25.61921223,2028870.538,56.23574375,4.047794114
5.22518223,42882964.83,95.33307406,14.56847427
4.723146464,744003.9164,98.81053054,21.89710255
3.219674381,288561.9025,,14.74278485
4.495064028,2288250.715,,12.78033583
4.483491502,481227.0769,95.04227106,30.0763872
5.997903181,49420.30777,,23.82218489
44.07168311,1731426.307,68.54354145,1.612643888
23.76356687,45840537.04,90.2037917,2.956618189
9.24091898,29461564.83,97.48723767,7.594439822
26.07264982,457274.4418,52.02483299,3.365345503
4.561928454,29833476.64,90.52260214,21.42231058
16.12924487,40565413.27,79.21741431,1.783359192
38.47148851,2175139.899,71.09090762,2.063047409
20.9271741,60685113.25,88.89287989,4.296634643
19.22477079,9456111.191,47.06983597,5.716358853
11.61281212,3916155.794,87.68968074,17.60293103
44.97329352,1612081.342,68.11290916,1.526747476
17.27580591,291596590.5,79.75787899,1.585230755
20.46514162,68638503.65,91.69001328,5.165339264
16.18682433,246703.0251,56.02810405,10.03228116
20.43660189,37174469.27,88.62188946,2.453252472
4.473563654,156245109.5,94.10327336,15.09543013
25.44541708,523462.6239,57.17459824,3.778538961
4.821759782,2465423.867,,15.05520418
12.97256517,27560890.11,94.53778467,
28.8237529,36138.70007,97.06623209,14.54584658
7.512298003,2075191.367,59.1729113,10.41831184
5.999872469,1175394.857,97.39076935,16.56019642
10.02937404,1076035.791,84.75903677,9.626331159
16.36520058,8008262.726,92.54400071,16.75769313
16.92270673,3824053.511,79.81088391,1.976186126
4.984179704,6987003.272,93.6865788,20.4798235
14.17608821,21411671.21,82.85483011,15.55693979
41.56866489,1986649.922,71.24989892,1.912732275
5.481179481,1848954.713,98.03922874,16.47422479
5.813660418,8359717.49,94.52155061,17.13148646
8.541206772,51805.59802,96.78784086,16.58319018
3.949749503,6894891.851,77.97730036,
5.91177252,90581.4544,100.2214562,20.86723639
49.97943851,5430237.384,46.58495366,3.012914253
31.63628589,265634.4887,59.95364375,0.896880322
4.531348696,7245257.082,96.17858143,22.84792514
22.76175161,2295944.008,58.60616763,4.631891485
15.48903598,244784.7087,56.60591702,10.23756302
4.459548839,30300082.85,91.8758456,22.26944831
17.74687588,2351169.688,74.87614456,2.756776728
6.006854031,60377497.24,60.95711549,6.021341245
14.65849773,16978950.74,78.82676844,3.446576104
2.493428352,2544476.566,101.1728196,21.2072751
24.38092886,7693082.545,64.34389411,5.137636733
17.48036984,7179733.921,79.08277706,4.298495485
9.887453047,31815664.52,89.65868549,15.43090127
2.738114595,909591.6979,98.13170214,21.4361779
40.86422404,2135164.671,74.9031072,6.208318752
41.15180927,1388880.993,63.06885943,2.864550061
9.341122753,940205.4706,90.66956623,6.265297763
18.34995036,33337212.9,77.9520494,1.347167543
22.97563993,693160.2347,69.96489352,5.07549299
14.94585492,4060730.591,84.61837386,2.167137722
9.918825075,2561018.518,95.29472314,24.27176661
4.60170647,1158536.966,100.7722005,18.49473881
8.847199692,35722630.94,92.2172989,19.50479779
4.413992254,1195948.3,97.91093352,18.60732237
15.68910572,21550924.94,82.15803433,15.19461464
7.260916811,2024403.527,86.48866358,11.82425535
3.976631638,7030791.406,95.31998941,28.50785204
24.44209394,19208867.72,77.17550807,0.699575086
22.08585402,289621339,62.65240059,
20.54530516,315713633.2,82.55776113,1.884865431
4.863002657,131487.2062,93.75499616,15.70720418
2.897373937,2380542.576,89.69218996,20.50897044
6.288707005,5451715.644,101.5713601,19.85309781
16.14649255,42056743.61,80.91144359,1.871907191
37.43186919,2029753.405,73.8551447,5.574268416
4.022004897,32957440.34,95.39080729,21.44217366
4.374348405,26524288.78,97.88607891,
4.41982625,88983.52948,101.0745276,27.54316763
15.30962838,386004529.3,91.65370305,3.025051595
14.01821402,44419945.71,90.94873628,
34.43630697,1328689.718,50.12538612,1.166844184
5.060614892,47166.76144,94.74224846,19.47136118
4.765905056,113080.5483,94.69257299,
12.49285866,28183878.94,95.20351729,2.078123027
15.88861854,1754517.998,79.65264989,8.31004662
13.04325527,541339.3437,,
4.576974789,153328.2721,100.0768983,
13.35769197,22983411.13,91.28677895,19.62752508
20.41745615,8353353.929,67.82873477,5.620517479
7.659065461,22057076.62,98.60549916,27.31001506
33.14866278,1441660.914,57.48220919,9.052102337
4.912393729,41889933.47,95.52215241,14.36917941
22.81452693,2188623.369,77.85977092,2.854277255
7.767104835,1507333.676,92.65730641,12.78398983
21.87545203,6389647.116,86.67678701,16.05901411
4.785745891,27033555.18,85.4219674,20.87389903
46.04896112,4303129.66,30.78459801,1.306497491
28.92096659,9300608.709,,
4.018517413,25372503.64,91.34444636,21.64924979
27.3478194,24261.97227,97.45875498,28.30472492
4.054073948,3088693.498,96.88981072,23.16152115
4.247624665,3090182.935,97.54068671,21.69510744
5.335497953,135677.7339,94.57040914,15.92315074
26.7057143,3698539.632,89.95396035,4.348467327
57.72816846,3480319.841,61.53588837,6.576327381
24.70765653,6205739.471,85.86207061,15.01481677
4.347786756,432999.2677,94.76640319,26.43190196
11.54797776,9844223.879,85.70859979,17.68335703
10.01922946,1102487.759,86.54310469,10.02529467
4.178448338,7370021.711,95.08858652,29.33894402
29.0416247,1747694.086,55.61914732,3.466396628
6.719272465,14229645.41,86.73401485,10.53950296
18.63422012,2115457.004,64.2361971,14.99275348
3.860760646,8481024.796,94.70871821,18.91072075
4.241288689,134875.4061,100.0857828,
2.661659543,887482.1221,97.94539835,23.04478472
5.50215234,2710996.626,,17.68899363
4.124275803,28061106.55,87.36302607,18.87912412
9.521529085,218623.7527,95.7757357,20.3386067
4.919436315,48418.40293,,20.63608128
4.609877807,124462.7762,86.78264248,13.62627723
7.854990186,86738481.42,67.87388809,
38.02619907,4809337.93,40.92927058,2.261745037
5.681577534,5377387.317,98.14825432,21.67811091
15.80123524,11075609.32,81.43020985,7.091344848
9.937825686,1103744.137,89.97019004,7.198466051
9.842140477,1028274.452,85.69803121,9.53983678
6.530477683,75880084.37,64.54932904,8.04592134
16.4386692,40934797.45,88.47275325,3.135105109
5.380026617,89630.97063,99.54616156,21.86597744
5.246539928,31315585.4,95.22815278,22.08799735
7.82387892,2473532.597,97.71953829,16.85133798
15.90666859,54030704.65,84.64960517,3.052785606
3.756639492,16244816.18,93.49251399,7.880715333
19.93880035,37959869.05,86.63619811,2.573255808
22.09078182,2282658.991,78.73833156,2.97962482
4.419969936,439800.1373,94.38095609,26.61869304
29.53845191,3522808.908,85.34560727,3.267336529
7.161461851,5151119.844,65.32396268,4.664010372
23.47004301,677484.861,68.79630207,4.764097228
13.0195101,27739121.24,91.01111323,1.846710785
23.52304816,636808.8781,66.46404772,4.514305133
16.38614143,115385.8433,97.11018761,4.497388928
8.612515162,121463.4072,94.47340151,25.94669341
6.19393877,5429632.888,100.7304992,20.44515696
8.972727446,10999068.54,75.0004777,7.814895795
9.220929762,4605142.028,89.27774885,2.941984587
34.78194571,2145299.108,72.76307879,9.897774687
7.254195582,1575638.396,91.27829004,13.04165953
9.34375916,1534611.779,93.70843691,23.55596383
5.838932981,2458454.926,96.94954118,17.42379691
7.794891593,1481148.073,92.49785003,19.84261322
3.535644891,38178.36727,96.0499667,40.03396408
16.1139502,1742068.72,77.09374337,8.245406234
4.995767608,6666957.957,76.31494719,5.998074609
5.508941515,137147.3107,93.93213751,16.49844051
6.08103126,63184222.84,61.02276806,6.378006034
16.47666789,363851144.3,86.95952371,2.511113456
49.67883687,5840196.272,57.02313941,10.13566301
40.49849003,210352.6608,53.89676845,0.740415953
7.825753755,144155.1497,93.40646476,
8.479372371,33618653.29,99.42903717,9.486233607
6.411627305,155330.7429,97.66629227,20.16578046
4.605618789,7611594.65,99.69854678,27.77744164
4.910823094,83204021.66,90.51106934,23.03057602
26.92693448,378697.5552,72.71802208,1.438683741
21.0198506,30420766.86,74.72844505,1.241818949
5.544431283,980799.05,100.8393275,18.18333751
10.58476548,34384961.45,90.50379551,17.32200241
7.639291642,1191079.988,98.08704588,15.71869251
5.59175804,4923398.378,100.4162061,25.84304431
2.951683053,4618719.044,79.48735171,15.50904711
15.68065104,378484539.6,90.74940522,2.633331333
12.81503539,507721.0136,80.37846381,11.17537886
22.09817769,3897752.732,95.19907386,
2.617245567,2226455.707,93.61988214,22.00284883
9.666211725,3598710.473,84.44062863,15.11658224
5.229776781,48961.15607,,21.26625426
26.5165492,6038450.481,85.90045285,14.62013114
2.538719677,316555.044,,17.3660297
5.514691899,3957749.247,99.60651939,
40.1197122,1593725.65,46.5669656,3.146479019
9.712404755,28660874.56,90.99175831,12.96700458
23.34338943,4157358.474,73.59675745,11.27206127
54.46585059,1206326.982,65.9008909,1.120142222
3.636497798,913041.3994,98.98004743,20.37491866
5.448596168,33242149.26,97.62804808,23.36712286
8.664108856,1518747.552,93.98748059,21.24514752
5.028955047,88361.72235,97.92920872,24.05796857
25.07839633,3775949.172,92.64081263,5.201058924
26.13687288,2937951.262,80.57951685,12.03078404
16.70435471,46394695.77,84.76648048,2.334557842
5.897921503,54725.77051,95.70676075,
5.50698706,49573.17082,,21.63322131
15.90805268,8936507.671,80.91973171,5.454281874
26.54678215,24881.79532,96.92449717,23.93601716
20.14050843,362658831.3,66.76730235,
4.530755404,459011.49,96.2415165,27.94720688
8.534005613,188114.6737,98.57055954,
9.171215586,30751437.82,90.87730113,14.20408435
26.7533767,2455975.993,58.4746791,5.147614712
30.85303293,1395649.737,53.02585884,1.258738152
41.61318765,1735145.301,68.81381658,3.825100734
2.959181219,303816.5153,,15.65483023
23.36328396,265791.3088,71.37269758,13.35655339
20.6464498,1852420.547,61.81121588,12.35343658
38.55386492,1906174.94,66.28962779,8.062915841
3.092824212,25350399.02,92.50041718,22.60564014
18.65371403,22517334.96,84.10877664,0.960438881
4.046327891,3109394.386,98.32481651,21.33845156
36.08469717,1618016.974,65.96688359,2.797945633
5.541966464,32964251.86,96.12311657,22.27449504
22.8938195,6850696.054,88.38696445,15.39416321
22.74935765,248219.5318,66.86385478,12.01930651
16.6473625,48134482.2,84.47264088,2.484072281
6.608017403,2097668.618,87.83932096,12.98413541
4.621824601,486251.6495,97.22340867,
4.95796065,154464.7261,98.33651065,
4.353671918,108799864.4,96.24734716,19.70461805
16.93045773,21938607.89,93.20545054,4.422962277
12.09732489,29253105.97,93.38673308,2.222017439
13.25491143,511608.4735,79.59713358,11.80849989
23.27230483,264765901.4,59.39710276,
17.36814394,3515138.42,85.67101243,17.10771637
13.60808019,7848471.697,85.35913888,21.00728507
12.49663921,3922182.225,96.72092009,17.30127446
9.135282881,3540648.318,82.19912039,14.6877207
2.573207152,4573915.605,79.62489091,16.02508637
34.80590558,7759301.923,49.38186407,3.865459055
52.61039648,4678761.811,60.71416465,8.272949372
4.538879265,7126297.596,95.18487273,22.13046654
6.187515652,69611288.87,62.18887205,7.292966476
4.799843237,937891.1568,99.15090715,19.01501018
7.184377826,36347433.34,90.14349484,
4.002562807,144408.113,98.82830324,
28.94151745,14137898.22,72.11575911,1.722076582
42.63985274,1784622.541,62.91918572,6.854978589
11.40258879,125313.8435,95.12354519,20.25104355
14.75238509,9673148.947,70.57529032,6.358517367
15.34233474,65381.09581,78.74794774,11.53728082
4.536947443,27486029.67,85.08737533,21.17684163
3.739253613,5322082.994,101.1267932,23.70703751
3.014896579,37059.40439,97.89296618,44.00853322
12.49835032,3402724.092,84.05851491,12.68474944
3.366199372,3332203.676,98.97253614,26.71863629
10.31445979,1310373.56,89.73582614,11.32535378
29.76679689,37488.90762,98.35835382,14.26915951
17.77316063,3322955.838,83.62507046,10.75945088
37.30503169,5100264.68,41.41351108,2.335436537
10.83831567,1169035.804,89.50443683,
3.29383949,37038.10824,98.4896615,43.24742135
23.33212125,2004914.162,90.92156304,16.38468096
16.692081,5693129.046,83.50133388,11.90222468
5.930526687,8212813.574,94.37890566,14.7281641
20.93338839,58366168.09,90.25949129,4.20744015
27.34405111,5415888.586,85.18437517,12.61506906
9.002739738,20802524.18,89.09314729,15.58309342
4.449179787,78473231.94,89.36644085,19.8908417
5.837004481,47122229.7,94.8105548,15.72993589
40.88122367,1813913.978,64.09073424,7.075746951
17.94111934,293944965,81.12350693,1.676850027
5.735335598,80165676.6,92.02074322,21.45721055
51.68191826,4896361.969,60.69631292,8.85405995
8.037968256,1512561.482,92.20789534,19.91518177
4.527053741,150744.8216,101.3526199,
3.74667059,32795583.72,92.70949927,23.97200971
12.77436767,49893.15479,92.77533369,14.45543263
18.68493889,7493785.107,80.72686488,11.56534288
27.4946533,2823187.108,79.87549917,11.67222093
4.467477033,437950.0806,96.09227846,27.52048535
15.46284659,3952789.759,87.46040339,12.84887297
30.08641893,4388197.833,69.16210477,2.303194159
4.521538653,130437.7025,90.22509374,14.64260802
7.696579088,131331.2394,92.68868808,
4.615518125,131753.9741,99.14855183,
24.08070304,1698390.2,63.11952959,11.25719697
4.17601555,3840096.827,101.2558829,26.75593877
21.75578716,251561.7593,64.29916495,11.51221363
5.263102535,31023548.66,95.39634268,21.189718
7.855495295,21101390.5,96.19444647,27.0711355
13.86565509,362826.9258,78.00215049,8.08363636
2.946794615,874776.5202,98.08564612,21.99030638
6.295381744,73189049.28,63.64212701,7.739944258
12.58527793,3502595.592,86.55147303,13.52521381
6.006291366,8331288.077,94.55926377,15.88350797
39.93367009,1422441.123,64.08686952,3.164264464
15.24774712,4363085.29,89.42783369,14.51211219
4.064309033,19066726.52,96.01196698,10.14284849
15.30496737,4167069.264,86.7339423,14.24835165
10.02283074,1854825.091,83.21272578,9.485390568
15.45280163,40367412.08,90.59730692,3.393655195
6.932790541,2144051.844,60.1421737,10.93667965
11.5829254,214328.0765,93.22597437,18.45080695
13.89763846,43438091.04,89.93037543,4.388831734
14.88626092,696712.0451,84.74559519,4.293473539
19.43103088,304610558.2,82.16014964,1.756709819
19.89646395,345461906.8,65.33541754,
6.163086382,13256739.12,87.10648911,9.636340732
6.38802003,150259.7135,98.24483718,19.07023211
19.21615359,240469.8638,52.33146566,9.550781456
9.20855729,210760.0804,89.73723538,15.66722919
5.682613232,144692.9001,95.26193599,17.11406656
8.253144688,4026762.159,98.32552816,20.1358945
7.190635894,1450680.58,95.29015321,18.50015751
2.62906003,2481371.751,99.79150753,21.65967088
4.350805906,26722954.56,87.51875028,18.82519475
23.88036587,253520.7221,69.52118379,12.53402558
14.99637891,49005.31818,95.26727463,13.47781246
8.150076511,151013.9006,94.70081832,
5.128117302,932715.3631,98.46729448,19.37887909
7.855893986,1891300.183,96.8514584,13.85487526
33.5043307,5182457.523,78.47185018,10.74694335
11.18432297,112008.8271,79.990935,14.3882962
38.65758703,2016623.09,51.58825684,3.707985605
19.51278128,73660438.16,91.02340335,
5.49498277,25393108.49,85.58384702,19.68104753
21.92030134,7077751.848,48.60468428,2.21431501
10.46258316,1152735.964,91.36737643,7.69473662
40.47938245,5122327.337,35.41542672,1.460293582
42.22386625,1456983.685,62.07918417,2.191287973
14.8622021,766923.5057,86.39764483,4.951726103
30.1948332,6827260.156,60.95490496,4.284183853
26.88869766,1649677.936,63.51535814,1.886786409
20.0752627,3511671.009,80.51990043,1.736723638
14.44115157,16460906.29,81.18988231,3.138358634
4.830851245,33833783.15,95.04065765,21.27435801
9.986751885,123233.1283,95.68126478,23.0560155
5.626849147,89483.05662,99.5462542,21.28695718
11.19757825,3242697.922,77.63581619,11.88079498
12.47899578,80090.91661,79.18983638,12.09515391
9.977753444,145667.1928,97.78234124,5.779195806
24.75956299,8756340.058,,11.27102738
35.95241995,222770.0819,54.74361099,0.780476724
17.45181445,63659.73391,,
7.033825144,23704302.23,86.34104045,18.8129894
5.501364338,6296338.78,92.5215136,16.91567757
29.29699073,3446127.948,79.43922833,2.428303873
36.29598532,1236142.752,48.41496975,1.048775424
17.76173911,8266065.209,80.40253481,13.09224313
12.7543898,388586.8977,79.89186321,8.721399927
7.802860868,12344015.29,75.86717712,
17.16824865,3514524.186,84.27291809,11.75726242
6.038919685,2128779.491,59.94442432,11.08404211
3.683763939,5288340.328,96.00283684,24.57447143
8.927671938,172835.364,98.90312551,6.900303721
25.3697639,240166202.5,57.09751559,
20.52605895,6692336.615,87.97373121,16.70549741
13.94364734,12214185.07,48.04215297,
28.01660586,37453.25625,97.56076518,15.36247348
4.783488131,385007.8225,91.78083257,21.762594
4.898925048,671584.6931,98.56221187,19.32558715
16.93843854,63340.12933,,
31.61214338,1554318.468,58.61923364,9.507604535
38.99612898,1514912.972,67.43753241,3.563242756
13.35801397,129654.8645,96.85607994,4.965842689
5.318914587,5415009.241,100.7299141,22.62811702
10.16619144,1238953.489,90.0594834,10.90605449
5.789664318,117139.6426,86.61715649,12.54551786
17.28214809,37170156.65,78.17890494,1.528885368
12.72021572,22370505.4,85.48553398,16.11615632
5.62271218,688923.3307,101.6699434,19.92568068
9.10698553,1537245.445,92.47525106,22.03991261
10.76848556,18538598.64,89.71392535,14.05370444
28.23928607,349867.9605,69.86276058,1.334660289
35.52404097,1779891.845,68.73693332,3.627238728
12.57305661,65190.13977,,
10.54967295,31993641.31,97.24261059,
5.057771369,89006.05637,99.18598505,23.06816542
6.718433085,17347494.48,96.3495213,23.66273019
12.87056761,597943.4062,82.95667885,3.712257658
11.46537309,208008.4233,91.92557073,17.53387708
5.614113067,720114.8169,100.8468912,20.39269048
4.443454107,38931035.85,98.25941534,28.87134346
40.77421065,1536889.676,65.49867418,2.440311741
5.913925738,3992479.932,99.14946893,18.71163093
4.543038817,152027.4395,100.3812131,
31.15269684,5410147.1,79.83352539,11.41085734
8.335727691,24187626.09,86.46186707,18.87370467
4.457987564,27060935.19,88.40207458,18.25778665
19.0266428,32689355.69,77.78074557,1.286214289
11.20359624,133828.955,92.75169748,15.6977206
6.032003484,4015043.258,101.0653498,16.96935438
32.79440374,7545777.164,48.71073107,3.747285576
13.35602428,495114.5969,,
4.60627266,2368468.012,,13.91036386
35.86714874,4453839.356,38.05194617,1.983881307
6.264910752,16521172.69,93.3366378,22.77405297
8.529215925,4314728.173,78.1805078,12.84274906
4.238986432,7582501.894,96.36152564,
26.69759854,1958309.082,70.58295903,2.383086579
34.12459587,5646474.586,43.09809613,2.603949585
26.10992448,7342739.374,54.89784143,10.26135856
5.131455582,6880365.491,95.59599544,20.63899507
8.044248027,211837.7361,87.42975118,14.00854701
11.27608944,3288044.736,78.90230015,11.8584282
3.749973814,5586029.203,96.25514366,25.99661984
4.412139554,777914.4578,101.6829586,23.51480844
41.53840879,13309388.12,67.71748919,1.171597917
25.34096277,2537215.601,57.72161546,5.569769814
8.170816893,2043749.114,58.5973053,10.42036707
10.83167254,2526026.278,93.22980682,23.34960741
29.7724458,3456268.263,78.63448923,2.259025619
6.430177913,114530.2972,94.09929437,28.25266248
4.246906732,28558064.09,89.61182929,19.83629176
14.29380382,40455729.86,88.83090354,3.550320861
12.58577739,4198317.123,85.68705554,2.432264219
27.69017494,36578.46179,94.73582233,15.82098368
6.083470614,55507.21664,94.38438937,21.95198415
12.83809297,485152.8669,79.75178182,10.84176337
28.38880228,7336306.334,63.21444208,4.539479424
3.17555906,288791.6659,,15.26294198
7.436352088,52760223.85,57.61356569,4.76902501
24.86778145,543307.459,58.9922012,3.804115643
13.43404422,8239149.237,84.92299135,21.30601578
2.800626573,14142616.5,95.44442272,6.149807633
17.95005516,7973821.655,77.21268559,4.903713539
4.414515612,736598.7303,98.80901672,22.28571806
4.551466595,35622426.03,92.89484377,
12.76896585,65058.85538,,
17.83846422,3492676.146,84.93746263,11.06359525
25.49754776,474645.9765,52.966273,3.411918254
6.318249604,89081.26231,97.68428177,20.0711965
6.566499524,49611683.41,94.251354,17.4154302
14.49447645,43102907.77,92.67859934,4.839502866
4.138526041,36611565.51,99.33262919,24.99458987
16.13629174,22095753.79,90.586951,18.19228222
5.018545596,5233255.361,98.38760697,22.50634509
28.20014783,6573188.587,54.82978423,9.657792465
25.49824454,36678.20914,95.1138849,17.82943009
25.85827105,49572509.51,89.36205718,3.291128063
11.41120271,4260545.838,75.96163946,12.76865563
4.342991129,38129888.86,99.0935845,28.31477457
13.63429093,508970.0984,,
21.87848269,19407962.16,81.07057204,12.6277302
6.567524444,1373920.208,92.72289618,15.91554363
6.190571931,46843900.48,94.67458235,16.36283122
22.64699327,19863294.88,80.2194496,0.759472548
30.24276781,2282042.988,72.49132064,
15.85752705,8267202.194,70.9421199,4.797764496
16.24048096,8678024.655,82.52366602,14.26960961
15.5885485,4632338.483,90.44168235,15.90133672
31.8641796,5713787.091,81.82580055,12.17126399
7.173668206,5375154.34,66.2897276,5.001929592
28.34353918,1826821.646,55.18234182,3.595735336
11.22728657,3815998.772,86.305626,16.53472516
3.061911065,162049436.4,97.45774996,16.46877071
11.36851267,30721403.13,95.09365974,2.507620284
37.69173377,2025356.373,69.34462277,8.95153691
3.042584283,21423991.05,99.57745909,12.83888496
12.08848436,3046927.65,76.37932513,10.81941754
26.43666106,24152.20122,96.09625842,
13.71256945,528579.9354,80.8682678,12.10838781
